{
  "$schema": "https://raw.githubusercontent.com/spdx/spdx-spec/v2.2.1/schemas/spdx-schema.json",
  "spdxVersion": "SPDX-2.2",
  "dataLicense": "CC0-1.0",
  "SPDXID": "SPDXRef-DOCUMENT",
  "documentNamespace": "https://spdx.org/spdxdocs/box2d-x64-windows-2.4.1#3-48ba2e14-0658-4ec0-8ad9-6808744c21aa",
  "name": "box2d:x64-windows@2.4.1#3 0cc3016a1764f4db7079992c429c71670725cd71c229611796a4e56cae6028e8",
  "creationInfo": {
    "creators": [
      "Tool: vcpkg-ac02a9f660977426b8ec6392919fbb1d51b10998"
    ],
    "created": "2023-09-20T21:18:34Z"
  },
  "relationships": [
    {
      "spdxElementId": "SPDXRef-port",
      "relationshipType": "GENERATES",
      "relatedSpdxElement": "SPDXRef-binary"
    },
    {
      "spdxElementId": "SPDXRef-port",
      "relationshipType": "CONTAINS",
      "relatedSpdxElement": "SPDXRef-file-0"
    },
    {
      "spdxElementId": "SPDXRef-port",
      "relationshipType": "CONTAINS",
      "relatedSpdxElement": "SPDXRef-file-1"
    },
    {
      "spdxElementId": "SPDXRef-binary",
      "relationshipType": "GENERATED_FROM",
      "relatedSpdxElement": "SPDXRef-port"
    },
    {
      "spdxElementId": "SPDXRef-file-0",
      "relationshipType": "CONTAINED_BY",
      "relatedSpdxElement": "SPDXRef-port"
    },
    {
      "spdxElementId": "SPDXRef-file-1",
      "relationshipType": "CONTAINED_BY",
      "relatedSpdxElement": "SPDXRef-port"
    }
  ],
  "packages": [
    {
      "name": "box2d",
      "SPDXID": "SPDXRef-port",
      "versionInfo": "2.4.1#3",
      "downloadLocation": "git+https://github.com/Microsoft/vcpkg#ports/box2d",
      "homepage": "https://box2d.org",
      "licenseConcluded": "NOASSERTION",
      "licenseDeclared": "NOASSERTION",
      "copyrightText": "NOASSERTION",
      "description": "An open source C++ engine for simulating rigid bodies in 2D",
      "comment": "This is the port (recipe) consumed by vcpkg."
    },
    {
      "name": "box2d:x64-windows",
      "SPDXID": "SPDXRef-binary",
      "versionInfo": "0cc3016a1764f4db7079992c429c71670725cd71c229611796a4e56cae6028e8",
      "downloadLocation": "NONE",
      "licenseConcluded": "NOASSERTION",
      "licenseDeclared": "NOASSERTION",
      "copyrightText": "NOASSERTION",
      "comment": "This is a binary package built by vcpkg."
    },
    {
      "SPDXID": "SPDXRef-resource-1",
      "name": "erincatto/Box2D",
      "downloadLocation": "git+https://github.com/erincatto/Box2D@9ebbbcd960ad424e03e5de6e66a40764c16f51bc",
      "licenseConcluded": "NOASSERTION",
      "licenseDeclared": "NOASSERTION",
      "copyrightText": "NOASSERTION",
      "checksums": [
        {
          "algorithm": "SHA512",
          "checksumValue": "d9fa387ce893ed1fb73f80006491202f2624ef6d0fb37daf92fbd1a7f9071c84da45e4b418b333566435bbbdfd3d5f68a42dfca02416e9a3a2b4db039f1c6151"
        }
      ]
    }
  ],
  "files": [
    {
      "fileName": "./C:/Users/Marco/.vcpkg-clion/vcpkg/ports/box2d/portfile.cmake",
      "SPDXID": "SPDXRef-file-0",
      "checksums": [
        {
          "algorithm": "SHA256",
          "checksumValue": "5f91dcd5c3977941384aef87500462ecd9af4b854dfd07f0ec0643bdd619e6c6"
        }
      ],
      "licenseConcluded": "NOASSERTION",
      "copyrightText": "NOASSERTION"
    },
    {
      "fileName": "./C:/Users/Marco/.vcpkg-clion/vcpkg/ports/box2d/vcpkg.json",
      "SPDXID": "SPDXRef-file-1",
      "checksums": [
        {
          "algorithm": "SHA256",
          "checksumValue": "c858372e37a294d4e2350c26c068b37fa8defe8b4152d0193a40cafa73ca7881"
        }
      ],
      "licenseConcluded": "NOASSERTION",
      "copyrightText": "NOASSERTION"
    }
  ]
}
